{
    "keep": {
        "days": true,
        "amount": 30
    },
    "auditLog": "C:\\Users\\BEN\\Documents\\SuperConductor\\Logs\\.95e16209ac03d7ab2372eadbd8b371c3e20513e1-audit.json",
    "files": [
        {
            "date": 1697795447843,
            "name": "C:\\Users\\BEN\\Documents\\SuperConductor\\Logs\\SuperConductor-2023-10-20.log",
            "hash": "6ff33e5ee0c76202c7a31efeb3ada964acf1ea8d210f5202c6440f78b224e03c"
        },
        {
            "date": 1697895656823,
            "name": "C:\\Users\\BEN\\Documents\\SuperConductor\\Logs\\SuperConductor-2023-10-21.log",
            "hash": "dc6eb520416b2362b7d0f5ec79e419495d7a5bddade96dcf4a8f4e157eed5f94"
        }
    ],
    "hashType": "sha256"
}