{"version":0,"id":"default","rundown":{"name":"Default Rundown","groups":[{"transparent":false,"oneAtATime":true,"autoPlay":false,"loop":false,"playoutMode":"normal","parts":[{"id":"e8Rfw79F","name":"Part 1","timeline":[{"resourceId":"someResource0","obj":{"id":"3QzoKXN6","enable":{"start":0,"duration":5000},"layer":"casparcg_1_10","content":{"type":"ip","file":"AMB","deviceType":1,"uri":"https://youtu.be/JrhyYcSrQkY?list=RDsrwAd1iR5qI"}},"resolved":{"instances":[{"start":0,"end":5000}]}}],"triggers":[],"resolved":{"duration":5000,"label":"Part 1"}},{"timeline":[],"resolved":{"duration":0,"label":""},"triggers":[],"id":"8sJeb9LX","name":"Part 2"}],"playout":{"playingParts":{}},"preparedPlayData":null,"autoFill":{"enable":false,"filter":"","layerIds":[],"mode":"append","sortMode":"added_asc"},"schedule":{"repeating":{"type":"no_repeat"}},"id":"aWxvrgyZ","name":"Main"}]}}