{"version":0,"id":"rundown1","rundown":{"name":"Rundown1","groups":[{"transparent":false,"oneAtATime":true,"autoPlay":false,"loop":false,"playoutMode":"normal","parts":[{"id":"4p44GT8N","name":"Part 1","timeline":[{"resourceId":"someResource0","obj":{"id":"wRWY39rr","enable":{"start":0,"duration":5000},"layer":"casparcg_1_10","content":{"type":"media","file":"AMB","deviceType":1}},"resolved":{"instances":[{"start":0,"end":5000}]}}],"triggers":[],"resolved":{"duration":5000,"label":"Part 1"},"disabled":false}],"playout":{"playingParts":{}},"preparedPlayData":null,"autoFill":{"enable":false,"filter":"","layerIds":[],"mode":"append","sortMode":"added_asc"},"schedule":{"repeating":{"type":"no_repeat"}},"id":"rZcR8wyS","name":"Main"}]}}