{"version":0,"id":"default","rundown":{"name":"Default Rundown","groups":[{"transparent":false,"oneAtATime":true,"autoPlay":false,"loop":false,"playoutMode":"normal","parts":[{"id":"dW5y3zWy","name":"Part 1","timeline":[{"resourceId":"someResource0","obj":{"id":"mKisRW87","enable":{"start":0,"duration":5000},"layer":"casparcg_1_10","content":{"type":"media","file":"AMB","deviceType":1}},"resolved":{"instances":[{"start":0,"end":5000}]}}],"triggers":[],"resolved":{"duration":5000,"label":"Main"}}],"playout":{"playingParts":{}},"preparedPlayData":null,"autoFill":{"enable":false,"filter":"","layerIds":[],"mode":"append","sortMode":"added_asc"},"schedule":{"repeating":{"type":"no_repeat"}},"id":"887uRufM","name":"Main"}]}}