{"version":0,"appData":{"windowPosition":{"y":64,"x":83,"width":1200,"height":600,"maximized":false},"version":{"seenVersion":null,"currentVersion":"0.11.1","currentVersionIsPrerelease":false},"project":{"id":"29pxoiWy"},"rundowns":{"default.rundown.json":{"name":"Default Rundown","open":true}},"triggers":{"stop":[{"label":"F1","fullIdentifiers":["keyboard-F1"],"action":"stop"}],"play":[{"label":"F2","fullIdentifiers":["keyboard-F2"],"action":"play"}],"pause":[{"label":"F3","fullIdentifiers":["keyboard-F3"],"action":"pause"}],"previous":[{"label":"F5","fullIdentifiers":["keyboard-F5"],"action":"previous"}],"next":[{"label":"F6","fullIdentifiers":["keyboard-F6"],"action":"next"}]},"userAgreement":"1"}}